,sub,condition,hit,fa,dprime,duration,property,Dist,RE
0,55d0d0--REDACTED,Dist_Small_RE_Small_5,0.625,0.562,0.163,5,Dist_Small_RE_Small,Small,Small
1,55d0d0--REDACTED,Dist_Large_RE_Large_5,0.812,0.375,1.204,5,Dist_Large_RE_Large,Large,Large
2,55d0d0--REDACTED,Dist_Large_RE_Small_2,0.688,0.188,1.375,2,Dist_Large_RE_Small,Large,Small
3,55d0d0--REDACTED,Dist_Large_RE_Large_2,0.438,0.25,0.518,2,Dist_Large_RE_Large,Large,Large
4,55d0d0--REDACTED,Dist_Small_RE_Small_10,0.75,0.188,1.56,10,Dist_Small_RE_Small,Small,Small
5,55d0d0--REDACTED,Dist_Large_RE_Small_10,0.812,0.25,1.56,10,Dist_Large_RE_Small,Large,Small
6,55d0d0--REDACTED,Dist_Small_RE_Large_5,0.5,0.125,1.15,5,Dist_Small_RE_Large,Small,Large
7,55d0d0--REDACTED,Dist_Small_RE_Large_2,0.375,0.062,1.22,2,Dist_Small_RE_Large,Small,Large
8,55d0d0--REDACTED,Dist_Small_RE_Small_2,0.312,0.188,0.395,2,Dist_Small_RE_Small,Small,Small
9,55d0d0--REDACTED,Dist_Small_RE_Large_10,0.812,0.438,1.041,10,Dist_Small_RE_Large,Small,Large
10,55d0d0--REDACTED,Dist_Large_RE_Small_5,0.812,0.188,1.771,5,Dist_Large_RE_Small,Large,Small
11,55d0d0--REDACTED,Dist_Large_RE_Large_10,0.875,0.375,1.469,10,Dist_Large_RE_Large,Large,Large
12,5648ea--REDACTED,Dist_Large_RE_Small_10,0.438,0.062,1.382,10,Dist_Large_RE_Small,Large,Small
13,5648ea--REDACTED,Dist_Large_RE_Large_5,0.688,0.438,0.646,5,Dist_Large_RE_Large,Large,Large
14,5648ea--REDACTED,Dist_Small_RE_Small_2,0.5,0.125,1.15,2,Dist_Small_RE_Small,Small,Small
15,5648ea--REDACTED,Dist_Small_RE_Large_2,0.25,0.375,-0.356,2,Dist_Small_RE_Large,Small,Large
16,5648ea--REDACTED,Dist_Small_RE_Large_5,0.5,0.015625,2.154,5,Dist_Small_RE_Large,Small,Large
17,5648ea--REDACTED,Dist_Small_RE_Small_5,0.438,0.375,0.163,5,Dist_Small_RE_Small,Small,Small
18,5648ea--REDACTED,Dist_Large_RE_Large_10,0.75,0.188,1.56,10,Dist_Large_RE_Large,Large,Large
19,5648ea--REDACTED,Dist_Small_RE_Large_10,0.625,0.125,1.469,10,Dist_Small_RE_Large,Small,Large
20,5648ea--REDACTED,Dist_Large_RE_Small_5,0.312,0.062,1.048,5,Dist_Large_RE_Small,Large,Small
21,5648ea--REDACTED,Dist_Large_RE_Large_2,0.312,0.125,0.66,2,Dist_Large_RE_Large,Large,Large
22,5648ea--REDACTED,Dist_Large_RE_Small_2,0.438,0.125,0.994,2,Dist_Large_RE_Small,Large,Small
23,5648ea--REDACTED,Dist_Small_RE_Small_10,0.375,0.015625,1.835,10,Dist_Small_RE_Small,Small,Small
24,571e90--REDACTED,Dist_Small_RE_Small_2,0.75,0.625,0.356,2,Dist_Small_RE_Small,Small,Small
25,571e90--REDACTED,Dist_Large_RE_Large_2,0.75,0.562,0.518,2,Dist_Large_RE_Large,Large,Large
26,571e90--REDACTED,Dist_Large_RE_Small_5,0.75,0.75,0.0,5,Dist_Large_RE_Small,Large,Small
27,571e90--REDACTED,Dist_Large_RE_Large_5,0.938,0.75,0.864,5,Dist_Large_RE_Large,Large,Large
28,571e90--REDACTED,Dist_Small_RE_Small_10,0.75,0.438,0.831,10,Dist_Small_RE_Small,Small,Small
29,571e90--REDACTED,Dist_Large_RE_Small_10,0.938,0.688,1.048,10,Dist_Large_RE_Small,Large,Small
30,571e90--REDACTED,Dist_Small_RE_Large_2,0.875,0.733,0.528,2,Dist_Small_RE_Large,Small,Large
31,571e90--REDACTED,Dist_Small_RE_Large_5,0.812,0.438,1.041,5,Dist_Small_RE_Large,Small,Large
32,571e90--REDACTED,Dist_Small_RE_Small_5,0.984375,0.5,2.154,5,Dist_Small_RE_Small,Small,Small
33,571e90--REDACTED,Dist_Small_RE_Large_10,0.929,0.8,0.627,10,Dist_Small_RE_Large,Small,Large
34,571e90--REDACTED,Dist_Large_RE_Small_2,0.875,0.688,0.66,2,Dist_Large_RE_Small,Large,Small
35,571e90--REDACTED,Dist_Large_RE_Large_10,0.875,0.571,0.971,10,Dist_Large_RE_Large,Large,Large
36,594abd--REDACTED,Dist_Large_RE_Small_5,0.75,0.188,1.56,5,Dist_Large_RE_Small,Large,Small
37,594abd--REDACTED,Dist_Large_RE_Large_10,0.984375,0.062,3.692,10,Dist_Large_RE_Large,Large,Large
38,594abd--REDACTED,Dist_Large_RE_Small_2,0.562,0.015625,2.31,2,Dist_Large_RE_Small,Large,Small
39,594abd--REDACTED,Dist_Large_RE_Small_10,0.875,0.188,2.036,10,Dist_Large_RE_Small,Large,Small
40,594abd--REDACTED,Dist_Large_RE_Large_2,0.625,0.125,1.469,2,Dist_Large_RE_Large,Large,Large
41,594abd--REDACTED,Dist_Large_RE_Large_5,0.75,0.125,1.825,5,Dist_Large_RE_Large,Large,Large
42,594abd--REDACTED,Dist_Small_RE_Small_5,0.25,0.125,0.476,5,Dist_Small_RE_Small,Small,Small
43,594abd--REDACTED,Dist_Small_RE_Large_10,0.312,0.188,0.395,10,Dist_Small_RE_Large,Small,Large
44,594abd--REDACTED,Dist_Small_RE_Large_5,0.375,0.188,0.567,5,Dist_Small_RE_Large,Small,Large
45,594abd--REDACTED,Dist_Small_RE_Small_10,0.312,0.015625,1.664,10,Dist_Small_RE_Small,Small,Small
46,594abd--REDACTED,Dist_Small_RE_Large_2,0.375,0.188,0.567,2,Dist_Small_RE_Large,Small,Large
47,594abd--REDACTED,Dist_Small_RE_Small_2,0.125,0.125,0.0,2,Dist_Small_RE_Small,Small,Small
48,5b0824--REDACTED,Dist_Large_RE_Large_2,0.438,0.4,0.097,2,Dist_Large_RE_Large,Large,Large
49,5b0824--REDACTED,Dist_Small_RE_Large_2,0.562,0.562,0.0,2,Dist_Small_RE_Large,Small,Large
50,5b0824--REDACTED,Dist_Small_RE_Large_5,0.071,0.188,-0.583,5,Dist_Small_RE_Large,Small,Large
51,5b0824--REDACTED,Dist_Small_RE_Small_5,0.312,0.357,-0.124,5,Dist_Small_RE_Small,Small,Small
52,5b0824--REDACTED,Dist_Large_RE_Large_5,0.467,0.312,0.407,5,Dist_Large_RE_Large,Large,Large
53,5b0824--REDACTED,Dist_Large_RE_Large_10,0.875,0.438,1.306,10,Dist_Large_RE_Large,Large,Large
54,5b0824--REDACTED,Dist_Small_RE_Large_10,0.8,0.533,0.759,10,Dist_Small_RE_Large,Small,Large
55,5b0824--REDACTED,Dist_Large_RE_Small_2,0.312,0.188,0.395,2,Dist_Large_RE_Small,Large,Small
56,5b0824--REDACTED,Dist_Large_RE_Small_10,0.562,0.188,1.041,10,Dist_Large_RE_Small,Large,Small
57,5b0824--REDACTED,Dist_Small_RE_Small_2,0.438,0.25,0.518,2,Dist_Small_RE_Small,Small,Small
58,5b0824--REDACTED,Dist_Large_RE_Small_5,0.688,0.375,0.809,5,Dist_Large_RE_Small,Large,Small
59,5b0824--REDACTED,Dist_Small_RE_Small_10,0.5,0.25,0.674,10,Dist_Small_RE_Small,Small,Small
60,5baf67--REDACTED,Dist_Large_RE_Small_5,0.688,0.188,1.375,5,Dist_Large_RE_Small,Large,Small
61,5baf67--REDACTED,Dist_Small_RE_Large_5,0.375,0.312,0.172,5,Dist_Small_RE_Large,Small,Large
62,5baf67--REDACTED,Dist_Large_RE_Large_10,0.875,0.25,1.825,10,Dist_Large_RE_Large,Large,Large
63,5baf67--REDACTED,Dist_Small_RE_Large_10,0.562,0.188,1.041,10,Dist_Small_RE_Large,Small,Large
64,5baf67--REDACTED,Dist_Large_RE_Large_2,0.688,0.188,1.375,2,Dist_Large_RE_Large,Large,Large
65,5baf67--REDACTED,Dist_Small_RE_Small_2,0.015625,0.438,-1.998,2,Dist_Small_RE_Small,Small,Small
66,5baf67--REDACTED,Dist_Large_RE_Large_5,0.812,0.125,2.036,5,Dist_Large_RE_Large,Large,Large
67,5baf67--REDACTED,Dist_Large_RE_Small_10,0.688,0.25,1.165,10,Dist_Large_RE_Small,Large,Small
68,5baf67--REDACTED,Dist_Large_RE_Small_2,0.562,0.188,1.041,2,Dist_Large_RE_Small,Large,Small
69,5baf67--REDACTED,Dist_Small_RE_Large_2,0.125,0.312,-0.66,2,Dist_Small_RE_Large,Small,Large
70,5baf67--REDACTED,Dist_Small_RE_Small_5,0.188,0.188,0.0,5,Dist_Small_RE_Small,Small,Small
71,5baf67--REDACTED,Dist_Small_RE_Small_10,0.562,0.375,0.475,10,Dist_Small_RE_Small,Small,Small
72,5bdb50--REDACTED,Dist_Large_RE_Small_5,0.75,0.188,1.56,5,Dist_Large_RE_Small,Large,Small
73,5bdb50--REDACTED,Dist_Small_RE_Small_5,0.188,0.312,-0.395,5,Dist_Small_RE_Small,Small,Small
74,5bdb50--REDACTED,Dist_Large_RE_Small_2,0.625,0.125,1.469,2,Dist_Large_RE_Small,Large,Small
75,5bdb50--REDACTED,Dist_Large_RE_Large_10,0.75,0.438,0.831,10,Dist_Large_RE_Large,Large,Large
76,5bdb50--REDACTED,Dist_Large_RE_Large_5,0.938,0.062,3.076,5,Dist_Large_RE_Large,Large,Large
77,5bdb50--REDACTED,Dist_Small_RE_Large_10,0.375,0.25,0.356,10,Dist_Small_RE_Large,Small,Large
78,5bdb50--REDACTED,Dist_Small_RE_Small_2,0.312,0.125,0.66,2,Dist_Small_RE_Small,Small,Small
79,5bdb50--REDACTED,Dist_Small_RE_Large_2,0.125,0.188,-0.265,2,Dist_Small_RE_Large,Small,Large
80,5bdb50--REDACTED,Dist_Large_RE_Large_2,0.625,0.188,1.204,2,Dist_Large_RE_Large,Large,Large
81,5bdb50--REDACTED,Dist_Small_RE_Small_10,0.438,0.062,1.382,10,Dist_Small_RE_Small,Small,Small
82,5bdb50--REDACTED,Dist_Small_RE_Large_5,0.25,0.125,0.476,5,Dist_Small_RE_Large,Small,Large
83,5bdb50--REDACTED,Dist_Large_RE_Small_10,0.938,0.125,2.689,10,Dist_Large_RE_Small,Large,Small
84,5c5346--REDACTED,Dist_Small_RE_Small_2,0.125,0.062,0.388,2,Dist_Small_RE_Small,Small,Small
85,5c5346--REDACTED,Dist_Large_RE_Large_2,0.625,0.125,1.469,2,Dist_Large_RE_Large,Large,Large
86,5c5346--REDACTED,Dist_Large_RE_Small_5,0.562,0.188,1.041,5,Dist_Large_RE_Small,Large,Small
87,5c5346--REDACTED,Dist_Large_RE_Large_5,0.75,0.25,1.349,5,Dist_Large_RE_Large,Large,Large
88,5c5346--REDACTED,Dist_Small_RE_Small_10,0.188,0.062,0.653,10,Dist_Small_RE_Small,Small,Small
89,5c5346--REDACTED,Dist_Large_RE_Small_10,0.812,0.312,1.375,10,Dist_Large_RE_Small,Large,Small
90,5c5346--REDACTED,Dist_Small_RE_Large_2,0.25,0.125,0.476,2,Dist_Small_RE_Large,Small,Large
91,5c5346--REDACTED,Dist_Small_RE_Large_5,0.312,0.188,0.395,5,Dist_Small_RE_Large,Small,Large
92,5c5346--REDACTED,Dist_Small_RE_Small_5,0.312,0.125,0.66,5,Dist_Small_RE_Small,Small,Small
93,5c5346--REDACTED,Dist_Small_RE_Large_10,0.375,0.015625,1.835,10,Dist_Small_RE_Large,Small,Large
94,5c5346--REDACTED,Dist_Large_RE_Small_2,0.562,0.015625,2.31,2,Dist_Large_RE_Small,Large,Small
95,5c5346--REDACTED,Dist_Large_RE_Large_10,0.625,0.188,1.204,10,Dist_Large_RE_Large,Large,Large
96,5d1aaa--REDACTED,Dist_Large_RE_Small_10,0.938,0.312,2.028,10,Dist_Large_RE_Small,Large,Small
97,5d1aaa--REDACTED,Dist_Small_RE_Small_2,0.312,0.25,0.184,2,Dist_Small_RE_Small,Small,Small
98,5d1aaa--REDACTED,Dist_Small_RE_Large_2,0.312,0.25,0.184,2,Dist_Small_RE_Large,Small,Large
99,5d1aaa--REDACTED,Dist_Small_RE_Large_5,0.312,0.125,0.66,5,Dist_Small_RE_Large,Small,Large
100,5d1aaa--REDACTED,Dist_Large_RE_Large_10,0.75,0.25,1.349,10,Dist_Large_RE_Large,Large,Large
101,5d1aaa--REDACTED,Dist_Large_RE_Small_5,0.562,0.062,1.694,5,Dist_Large_RE_Small,Large,Small
102,5d1aaa--REDACTED,Dist_Small_RE_Small_10,0.5,0.125,1.15,10,Dist_Small_RE_Small,Small,Small
103,5d1aaa--REDACTED,Dist_Small_RE_Small_5,0.188,0.062,0.653,5,Dist_Small_RE_Small,Small,Small
104,5d1aaa--REDACTED,Dist_Large_RE_Large_2,0.438,0.125,0.994,2,Dist_Large_RE_Large,Large,Large
105,5d1aaa--REDACTED,Dist_Large_RE_Small_2,0.312,0.125,0.66,2,Dist_Large_RE_Small,Large,Small
106,5d1aaa--REDACTED,Dist_Large_RE_Large_5,0.562,0.015625,2.31,5,Dist_Large_RE_Large,Large,Large
107,5d1aaa--REDACTED,Dist_Small_RE_Large_10,0.688,0.312,0.98,10,Dist_Small_RE_Large,Small,Large
108,5dd742--REDACTED,Dist_Small_RE_Large_5,0.75,0.438,0.831,5,Dist_Small_RE_Large,Small,Large
109,5dd742--REDACTED,Dist_Small_RE_Large_10,0.75,0.5,0.674,10,Dist_Small_RE_Large,Small,Large
110,5dd742--REDACTED,Dist_Large_RE_Large_10,0.812,0.375,1.204,10,Dist_Large_RE_Large,Large,Large
111,5dd742--REDACTED,Dist_Small_RE_Small_5,0.562,0.562,0.0,5,Dist_Small_RE_Small,Small,Small
112,5dd742--REDACTED,Dist_Large_RE_Small_2,0.688,0.375,0.809,2,Dist_Large_RE_Small,Large,Small
113,5dd742--REDACTED,Dist_Small_RE_Small_2,0.688,0.5,0.49,2,Dist_Small_RE_Small,Small,Small
114,5dd742--REDACTED,Dist_Large_RE_Large_2,0.75,0.5,0.674,2,Dist_Large_RE_Large,Large,Large
115,5dd742--REDACTED,Dist_Small_RE_Small_10,0.625,0.375,0.637,10,Dist_Small_RE_Small,Small,Small
116,5dd742--REDACTED,Dist_Large_RE_Small_10,0.812,0.375,1.204,10,Dist_Large_RE_Small,Large,Small
117,5dd742--REDACTED,Dist_Large_RE_Small_5,0.688,0.312,0.98,5,Dist_Large_RE_Small,Large,Small
118,5dd742--REDACTED,Dist_Large_RE_Large_5,0.75,0.25,1.349,5,Dist_Large_RE_Large,Large,Large
119,5dd742--REDACTED,Dist_Small_RE_Large_2,0.438,0.438,0.0,2,Dist_Small_RE_Large,Small,Large
120,5de9ce--REDACTED,Dist_Large_RE_Small_2,0.5,0.312,0.49,2,Dist_Large_RE_Small,Large,Small
121,5de9ce--REDACTED,Dist_Large_RE_Large_10,0.875,0.188,2.036,10,Dist_Large_RE_Large,Large,Large
122,5de9ce--REDACTED,Dist_Large_RE_Small_5,0.733,0.125,1.772,5,Dist_Large_RE_Small,Large,Small
123,5de9ce--REDACTED,Dist_Large_RE_Small_10,0.938,0.188,2.423,10,Dist_Large_RE_Small,Large,Small
124,5de9ce--REDACTED,Dist_Large_RE_Large_5,0.75,0.188,1.56,5,Dist_Large_RE_Large,Large,Large
125,5de9ce--REDACTED,Dist_Large_RE_Large_2,0.467,0.375,0.236,2,Dist_Large_RE_Large,Large,Large
126,5de9ce--REDACTED,Dist_Small_RE_Small_2,0.5,0.312,0.49,2,Dist_Small_RE_Small,Small,Small
127,5de9ce--REDACTED,Dist_Small_RE_Large_10,0.562,0.438,0.312,10,Dist_Small_RE_Large,Small,Large
128,5de9ce--REDACTED,Dist_Small_RE_Large_2,0.438,0.5,-0.156,2,Dist_Small_RE_Large,Small,Large
129,5de9ce--REDACTED,Dist_Small_RE_Small_10,0.812,0.188,1.771,10,Dist_Small_RE_Small,Small,Small
130,5de9ce--REDACTED,Dist_Small_RE_Large_5,0.688,0.375,0.809,5,Dist_Small_RE_Large,Small,Large
131,5de9ce--REDACTED,Dist_Small_RE_Small_5,0.625,0.438,0.475,5,Dist_Small_RE_Small,Small,Small
132,5e28e8--REDACTED,Dist_Large_RE_Small_5,0.875,0.312,1.641,5,Dist_Large_RE_Small,Large,Small
133,5e28e8--REDACTED,Dist_Small_RE_Large_5,0.438,0.25,0.518,5,Dist_Small_RE_Large,Small,Large
134,5e28e8--REDACTED,Dist_Large_RE_Large_10,0.938,0.25,2.213,10,Dist_Large_RE_Large,Large,Large
135,5e28e8--REDACTED,Dist_Small_RE_Large_10,0.875,0.312,1.641,10,Dist_Small_RE_Large,Small,Large
136,5e28e8--REDACTED,Dist_Large_RE_Large_2,0.5,0.188,0.885,2,Dist_Large_RE_Large,Large,Large
137,5e28e8--REDACTED,Dist_Small_RE_Small_2,0.312,0.25,0.184,2,Dist_Small_RE_Small,Small,Small
138,5e28e8--REDACTED,Dist_Large_RE_Large_5,0.812,0.062,2.423,5,Dist_Large_RE_Large,Large,Large
139,5e28e8--REDACTED,Dist_Large_RE_Small_10,0.875,0.312,1.641,10,Dist_Large_RE_Small,Large,Small
140,5e28e8--REDACTED,Dist_Large_RE_Small_2,0.438,0.188,0.729,2,Dist_Large_RE_Small,Large,Small
141,5e28e8--REDACTED,Dist_Small_RE_Large_2,0.438,0.125,0.994,2,Dist_Small_RE_Large,Small,Large
142,5e28e8--REDACTED,Dist_Small_RE_Small_5,0.562,0.312,0.646,5,Dist_Small_RE_Small,Small,Small
143,5e28e8--REDACTED,Dist_Small_RE_Small_10,0.625,0.188,1.204,10,Dist_Small_RE_Small,Small,Small
144,5e3e11--REDACTED,Dist_Small_RE_Small_2,0.375,0.5,-0.319,2,Dist_Small_RE_Small,Small,Small
145,5e3e11--REDACTED,Dist_Large_RE_Large_2,0.625,0.062,1.857,2,Dist_Large_RE_Large,Large,Large
146,5e3e11--REDACTED,Dist_Large_RE_Small_5,0.75,0.062,2.213,5,Dist_Large_RE_Small,Large,Small
147,5e3e11--REDACTED,Dist_Large_RE_Large_5,0.984375,0.25,2.828,5,Dist_Large_RE_Large,Large,Large
148,5e3e11--REDACTED,Dist_Small_RE_Small_10,0.75,0.125,1.825,10,Dist_Small_RE_Small,Small,Small
149,5e3e11--REDACTED,Dist_Large_RE_Small_10,0.938,0.375,1.857,10,Dist_Large_RE_Small,Large,Small
150,5e3e11--REDACTED,Dist_Small_RE_Large_2,0.375,0.125,0.832,2,Dist_Small_RE_Large,Small,Large
151,5e3e11--REDACTED,Dist_Small_RE_Large_5,0.438,0.375,0.163,5,Dist_Small_RE_Large,Small,Large
152,5e3e11--REDACTED,Dist_Small_RE_Small_5,0.625,0.25,0.993,5,Dist_Small_RE_Small,Small,Small
153,5e3e11--REDACTED,Dist_Small_RE_Large_10,0.688,0.438,0.646,10,Dist_Small_RE_Large,Small,Large
154,5e3e11--REDACTED,Dist_Large_RE_Small_2,0.625,0.25,0.993,2,Dist_Large_RE_Small,Large,Small
155,5e3e11--REDACTED,Dist_Large_RE_Large_10,0.938,0.312,2.028,10,Dist_Large_RE_Large,Large,Large
156,5e7237--REDACTED,Dist_Large_RE_Small_2,0.25,0.5,-0.674,2,Dist_Large_RE_Small,Large,Small
157,5e7237--REDACTED,Dist_Small_RE_Small_2,0.375,0.375,0.0,2,Dist_Small_RE_Small,Small,Small
158,5e7237--REDACTED,Dist_Large_RE_Small_5,0.625,0.062,1.857,5,Dist_Large_RE_Small,Large,Small
159,5e7237--REDACTED,Dist_Large_RE_Large_10,0.812,0.188,1.771,10,Dist_Large_RE_Large,Large,Large
160,5e7237--REDACTED,Dist_Large_RE_Large_2,0.75,0.062,2.213,2,Dist_Large_RE_Large,Large,Large
161,5e7237--REDACTED,Dist_Small_RE_Large_10,0.5,0.25,0.674,10,Dist_Small_RE_Large,Small,Large
162,5e7237--REDACTED,Dist_Small_RE_Small_5,0.125,0.125,0.0,5,Dist_Small_RE_Small,Small,Small
163,5e7237--REDACTED,Dist_Small_RE_Large_5,0.25,0.188,0.211,5,Dist_Small_RE_Large,Small,Large
164,5e7237--REDACTED,Dist_Large_RE_Large_5,0.438,0.188,0.729,5,Dist_Large_RE_Large,Large,Large
165,5e7237--REDACTED,Dist_Small_RE_Small_10,0.25,0.25,0.0,10,Dist_Small_RE_Small,Small,Small
166,5e7237--REDACTED,Dist_Small_RE_Large_2,0.125,0.188,-0.265,2,Dist_Small_RE_Large,Small,Large
167,5e7237--REDACTED,Dist_Large_RE_Small_10,0.562,0.188,1.041,10,Dist_Large_RE_Small,Large,Small
168,5ec2c1--REDACTED,Dist_Large_RE_Small_2,0.438,0.375,0.163,2,Dist_Large_RE_Small,Large,Small
169,5ec2c1--REDACTED,Dist_Large_RE_Small_5,0.688,0.5,0.49,5,Dist_Large_RE_Small,Large,Small
170,5ec2c1--REDACTED,Dist_Large_RE_Large_10,0.5,0.25,0.674,10,Dist_Large_RE_Large,Large,Large
171,5ec2c1--REDACTED,Dist_Small_RE_Large_5,0.438,0.25,0.518,5,Dist_Small_RE_Large,Small,Large
172,5ec2c1--REDACTED,Dist_Small_RE_Large_10,0.562,0.125,1.306,10,Dist_Small_RE_Large,Small,Large
173,5ec2c1--REDACTED,Dist_Small_RE_Small_10,0.625,0.188,1.204,10,Dist_Small_RE_Small,Small,Small
174,5ec2c1--REDACTED,Dist_Small_RE_Small_5,0.5,0.125,1.15,5,Dist_Small_RE_Small,Small,Small
175,5ec2c1--REDACTED,Dist_Large_RE_Small_10,0.688,0.25,1.165,10,Dist_Large_RE_Small,Large,Small
176,5ec2c1--REDACTED,Dist_Large_RE_Large_5,0.625,0.188,1.204,5,Dist_Large_RE_Large,Large,Large
177,5ec2c1--REDACTED,Dist_Small_RE_Small_2,0.375,0.312,0.172,2,Dist_Small_RE_Small,Small,Small
178,5ec2c1--REDACTED,Dist_Small_RE_Large_2,0.375,0.312,0.172,2,Dist_Small_RE_Large,Small,Large
179,5ec2c1--REDACTED,Dist_Large_RE_Large_2,0.438,0.188,0.729,2,Dist_Large_RE_Large,Large,Large
180,5efd29--REDACTED,Dist_Small_RE_Large_5,0.812,0.438,1.041,5,Dist_Small_RE_Large,Small,Large
181,5efd29--REDACTED,Dist_Small_RE_Large_10,0.984375,0.375,2.473,10,Dist_Small_RE_Large,Small,Large
182,5efd29--REDACTED,Dist_Large_RE_Large_10,0.875,0.188,2.036,10,Dist_Large_RE_Large,Large,Large
183,5efd29--REDACTED,Dist_Small_RE_Small_5,0.625,0.312,0.809,5,Dist_Small_RE_Small,Small,Small
184,5efd29--REDACTED,Dist_Large_RE_Small_2,0.812,0.25,1.56,2,Dist_Large_RE_Small,Large,Small
185,5efd29--REDACTED,Dist_Small_RE_Small_2,0.625,0.625,0.0,2,Dist_Small_RE_Small,Small,Small
186,5efd29--REDACTED,Dist_Large_RE_Large_2,0.875,0.125,2.301,2,Dist_Large_RE_Large,Large,Large
187,5efd29--REDACTED,Dist_Small_RE_Small_10,0.562,0.188,1.041,10,Dist_Small_RE_Small,Small,Small
188,5efd29--REDACTED,Dist_Large_RE_Small_10,0.938,0.375,1.857,10,Dist_Large_RE_Small,Large,Small
189,5efd29--REDACTED,Dist_Large_RE_Small_5,0.875,0.125,2.301,5,Dist_Large_RE_Small,Large,Small
190,5efd29--REDACTED,Dist_Large_RE_Large_5,0.75,0.125,1.825,5,Dist_Large_RE_Large,Large,Large
191,5efd29--REDACTED,Dist_Small_RE_Large_2,0.5,0.188,0.885,2,Dist_Small_RE_Large,Small,Large
192,5f19c6--REDACTED,Dist_Large_RE_Small_5,0.625,0.125,1.469,5,Dist_Large_RE_Small,Large,Small
193,5f19c6--REDACTED,Dist_Large_RE_Large_10,0.938,0.015625,3.692,10,Dist_Large_RE_Large,Large,Large
194,5f19c6--REDACTED,Dist_Large_RE_Small_2,0.438,0.015625,1.998,2,Dist_Large_RE_Small,Large,Small
195,5f19c6--REDACTED,Dist_Large_RE_Small_10,0.938,0.062,3.076,10,Dist_Large_RE_Small,Large,Small
196,5f19c6--REDACTED,Dist_Large_RE_Large_2,0.562,0.015625,2.31,2,Dist_Large_RE_Large,Large,Large
197,5f19c6--REDACTED,Dist_Large_RE_Large_5,0.625,0.015625,2.473,5,Dist_Large_RE_Large,Large,Large
198,5f19c6--REDACTED,Dist_Small_RE_Small_5,0.25,0.125,0.476,5,Dist_Small_RE_Small,Small,Small
199,5f19c6--REDACTED,Dist_Small_RE_Large_10,0.5,0.25,0.674,10,Dist_Small_RE_Large,Small,Large
200,5f19c6--REDACTED,Dist_Small_RE_Large_5,0.438,0.015625,1.998,5,Dist_Small_RE_Large,Small,Large
201,5f19c6--REDACTED,Dist_Small_RE_Small_10,0.562,0.125,1.306,10,Dist_Small_RE_Small,Small,Small
202,5f19c6--REDACTED,Dist_Small_RE_Large_2,0.312,0.062,1.048,2,Dist_Small_RE_Large,Small,Large
203,5f19c6--REDACTED,Dist_Small_RE_Small_2,0.188,0.062,0.653,2,Dist_Small_RE_Small,Small,Small
204,5f47f3--REDACTED,Dist_Large_RE_Small_2,0.375,0.5,-0.319,2,Dist_Large_RE_Small,Large,Small
205,5f47f3--REDACTED,Dist_Large_RE_Large_10,0.438,0.25,0.518,10,Dist_Large_RE_Large,Large,Large
206,5f47f3--REDACTED,Dist_Large_RE_Small_5,0.625,0.312,0.809,5,Dist_Large_RE_Small,Large,Small
207,5f47f3--REDACTED,Dist_Large_RE_Small_10,0.688,0.25,1.165,10,Dist_Large_RE_Small,Large,Small
208,5f47f3--REDACTED,Dist_Large_RE_Large_5,0.5,0.25,0.674,5,Dist_Large_RE_Large,Large,Large
209,5f47f3--REDACTED,Dist_Large_RE_Large_2,0.5,0.312,0.49,2,Dist_Large_RE_Large,Large,Large
210,5f47f3--REDACTED,Dist_Small_RE_Small_2,0.312,0.375,-0.172,2,Dist_Small_RE_Small,Small,Small
211,5f47f3--REDACTED,Dist_Small_RE_Large_10,0.5,0.375,0.319,10,Dist_Small_RE_Large,Small,Large
212,5f47f3--REDACTED,Dist_Small_RE_Large_2,0.25,0.312,-0.184,2,Dist_Small_RE_Large,Small,Large
213,5f47f3--REDACTED,Dist_Small_RE_Small_10,0.25,0.188,0.211,10,Dist_Small_RE_Small,Small,Small
214,5f47f3--REDACTED,Dist_Small_RE_Large_5,0.562,0.188,1.041,5,Dist_Small_RE_Large,Small,Large
215,5f47f3--REDACTED,Dist_Small_RE_Small_5,0.438,0.375,0.163,5,Dist_Small_RE_Small,Small,Small
216,5f4e76--REDACTED,Dist_Large_RE_Small_2,0.75,0.312,1.165,2,Dist_Large_RE_Small,Large,Small
217,5f4e76--REDACTED,Dist_Large_RE_Small_10,0.984375,0.25,2.828,10,Dist_Large_RE_Small,Large,Small
218,5f4e76--REDACTED,Dist_Small_RE_Large_10,0.75,0.25,1.349,10,Dist_Small_RE_Large,Small,Large
219,5f4e76--REDACTED,Dist_Small_RE_Large_5,0.438,0.25,0.518,5,Dist_Small_RE_Large,Small,Large
220,5f4e76--REDACTED,Dist_Small_RE_Large_2,0.375,0.125,0.832,2,Dist_Small_RE_Large,Small,Large
221,5f4e76--REDACTED,Dist_Large_RE_Large_5,0.812,0.25,1.56,5,Dist_Large_RE_Large,Large,Large
222,5f4e76--REDACTED,Dist_Large_RE_Large_2,0.5,0.125,1.15,2,Dist_Large_RE_Large,Large,Large
223,5f4e76--REDACTED,Dist_Small_RE_Small_10,0.75,0.188,1.56,10,Dist_Small_RE_Small,Small,Small
224,5f4e76--REDACTED,Dist_Large_RE_Small_5,0.75,0.125,1.825,5,Dist_Large_RE_Small,Large,Small
225,5f4e76--REDACTED,Dist_Small_RE_Small_2,0.312,0.312,0.0,2,Dist_Small_RE_Small,Small,Small
226,5f4e76--REDACTED,Dist_Large_RE_Large_10,0.938,0.188,2.423,10,Dist_Large_RE_Large,Large,Large
227,5f4e76--REDACTED,Dist_Small_RE_Small_5,0.562,0.25,0.831,5,Dist_Small_RE_Small,Small,Small
228,5f5814--REDACTED,Dist_Large_RE_Small_10,0.875,0.125,2.301,10,Dist_Large_RE_Small,Large,Small
229,5f5814--REDACTED,Dist_Small_RE_Small_2,0.375,0.25,0.356,2,Dist_Small_RE_Small,Small,Small
230,5f5814--REDACTED,Dist_Small_RE_Large_2,0.25,0.188,0.211,2,Dist_Small_RE_Large,Small,Large
231,5f5814--REDACTED,Dist_Small_RE_Large_5,0.467,0.062,1.455,5,Dist_Small_RE_Large,Small,Large
232,5f5814--REDACTED,Dist_Large_RE_Large_10,0.812,0.25,1.56,10,Dist_Large_RE_Large,Large,Large
233,5f5814--REDACTED,Dist_Large_RE_Small_5,0.5,0.188,0.885,5,Dist_Large_RE_Small,Large,Small
234,5f5814--REDACTED,Dist_Small_RE_Small_10,0.625,0.125,1.469,10,Dist_Small_RE_Small,Small,Small
235,5f5814--REDACTED,Dist_Small_RE_Small_5,0.312,0.125,0.66,5,Dist_Small_RE_Small,Small,Small
236,5f5814--REDACTED,Dist_Large_RE_Large_2,0.688,0.188,1.375,2,Dist_Large_RE_Large,Large,Large
237,5f5814--REDACTED,Dist_Large_RE_Small_2,0.5,0.188,0.885,2,Dist_Large_RE_Small,Large,Small
238,5f5814--REDACTED,Dist_Large_RE_Large_5,0.688,0.25,1.165,5,Dist_Large_RE_Large,Large,Large
239,5f5814--REDACTED,Dist_Small_RE_Large_10,0.688,0.188,1.375,10,Dist_Small_RE_Large,Small,Large
240,6034e1--REDACTED,Dist_Large_RE_Small_5,0.688,0.625,0.172,5,Dist_Large_RE_Small,Large,Small
241,6034e1--REDACTED,Dist_Small_RE_Small_5,0.688,0.312,0.98,5,Dist_Small_RE_Small,Small,Small
242,6034e1--REDACTED,Dist_Large_RE_Small_2,0.75,0.333,1.106,2,Dist_Large_RE_Small,Large,Small
243,6034e1--REDACTED,Dist_Large_RE_Large_10,0.875,0.438,1.306,10,Dist_Large_RE_Large,Large,Large
244,6034e1--REDACTED,Dist_Large_RE_Large_5,0.8,0.667,0.41,5,Dist_Large_RE_Large,Large,Large
245,6034e1--REDACTED,Dist_Small_RE_Large_10,0.75,0.533,0.592,10,Dist_Small_RE_Large,Small,Large
246,6034e1--REDACTED,Dist_Small_RE_Small_2,0.667,0.533,0.349,2,Dist_Small_RE_Small,Small,Small
247,6034e1--REDACTED,Dist_Small_RE_Large_2,0.438,0.562,-0.312,2,Dist_Small_RE_Large,Small,Large
248,6034e1--REDACTED,Dist_Large_RE_Large_2,0.312,0.286,0.075,2,Dist_Large_RE_Large,Large,Large
249,6034e1--REDACTED,Dist_Small_RE_Small_10,0.625,0.5,0.319,10,Dist_Small_RE_Small,Small,Small
250,6034e1--REDACTED,Dist_Small_RE_Large_5,0.5,0.667,-0.432,5,Dist_Small_RE_Large,Small,Large
251,6034e1--REDACTED,Dist_Large_RE_Small_10,0.625,0.6,0.065,10,Dist_Large_RE_Small,Large,Small
252,607340--REDACTED,Dist_Small_RE_Large_2,0.562,0.312,0.646,2,Dist_Small_RE_Large,Small,Large
253,607340--REDACTED,Dist_Small_RE_Large_10,0.812,0.312,1.375,10,Dist_Small_RE_Large,Small,Large
254,607340--REDACTED,Dist_Large_RE_Large_10,0.984375,0.188,3.039,10,Dist_Large_RE_Large,Large,Large
255,607340--REDACTED,Dist_Small_RE_Small_2,0.375,0.438,-0.163,2,Dist_Small_RE_Small,Small,Small
256,607340--REDACTED,Dist_Large_RE_Small_5,0.688,0.375,0.809,5,Dist_Large_RE_Small,Large,Small
257,607340--REDACTED,Dist_Small_RE_Small_5,0.688,0.312,0.98,5,Dist_Small_RE_Small,Small,Small
258,607340--REDACTED,Dist_Large_RE_Large_5,0.688,0.188,1.375,5,Dist_Large_RE_Large,Large,Large
259,607340--REDACTED,Dist_Small_RE_Small_10,0.438,0.188,0.729,10,Dist_Small_RE_Small,Small,Small
260,607340--REDACTED,Dist_Large_RE_Small_10,0.984375,0.438,2.31,10,Dist_Large_RE_Small,Large,Small
261,607340--REDACTED,Dist_Large_RE_Small_2,0.5,0.188,0.885,2,Dist_Large_RE_Small,Large,Small
262,607340--REDACTED,Dist_Large_RE_Large_2,0.562,0.062,1.694,2,Dist_Large_RE_Large,Large,Large
263,607340--REDACTED,Dist_Small_RE_Large_5,0.188,0.062,0.653,5,Dist_Small_RE_Large,Small,Large
264,60a45d--REDACTED,Dist_Large_RE_Small_10,0.875,0.25,1.825,10,Dist_Large_RE_Small,Large,Small
265,60a45d--REDACTED,Dist_Small_RE_Small_2,0.25,0.125,0.476,2,Dist_Small_RE_Small,Small,Small
266,60a45d--REDACTED,Dist_Small_RE_Large_2,0.188,0.25,-0.211,2,Dist_Small_RE_Large,Small,Large
267,60a45d--REDACTED,Dist_Small_RE_Large_5,0.25,0.25,0.0,5,Dist_Small_RE_Large,Small,Large
268,60a45d--REDACTED,Dist_Large_RE_Large_10,0.938,0.125,2.689,10,Dist_Large_RE_Large,Large,Large
269,60a45d--REDACTED,Dist_Large_RE_Small_5,0.625,0.188,1.204,5,Dist_Large_RE_Small,Large,Small
270,60a45d--REDACTED,Dist_Small_RE_Small_10,0.438,0.125,0.994,10,Dist_Small_RE_Small,Small,Small
271,60a45d--REDACTED,Dist_Small_RE_Small_5,0.125,0.125,0.0,5,Dist_Small_RE_Small,Small,Small
272,60a45d--REDACTED,Dist_Large_RE_Large_2,0.438,0.062,1.382,2,Dist_Large_RE_Large,Large,Large
273,60a45d--REDACTED,Dist_Large_RE_Small_2,0.312,0.062,1.048,2,Dist_Large_RE_Small,Large,Small
274,60a45d--REDACTED,Dist_Large_RE_Large_5,0.75,0.125,1.825,5,Dist_Large_RE_Large,Large,Large
275,60a45d--REDACTED,Dist_Small_RE_Large_10,0.562,0.125,1.306,10,Dist_Small_RE_Large,Small,Large
276,60a555--REDACTED,Dist_Small_RE_Large_5,0.188,0.312,-0.395,5,Dist_Small_RE_Large,Small,Large
277,60a555--REDACTED,Dist_Large_RE_Small_2,0.438,0.312,0.334,2,Dist_Large_RE_Small,Large,Small
278,60a555--REDACTED,Dist_Large_RE_Large_2,0.688,0.625,0.172,2,Dist_Large_RE_Large,Large,Large
279,60a555--REDACTED,Dist_Large_RE_Small_10,0.75,0.375,0.993,10,Dist_Large_RE_Small,Large,Small
280,60a555--REDACTED,Dist_Large_RE_Large_5,0.938,0.438,1.694,5,Dist_Large_RE_Large,Large,Large
281,60a555--REDACTED,Dist_Small_RE_Small_5,0.25,0.062,0.864,5,Dist_Small_RE_Small,Small,Small
282,60a555--REDACTED,Dist_Small_RE_Small_10,0.375,0.015625,1.835,10,Dist_Small_RE_Small,Small,Small
283,60a555--REDACTED,Dist_Small_RE_Small_2,0.312,0.438,-0.334,2,Dist_Small_RE_Small,Small,Small
284,60a555--REDACTED,Dist_Large_RE_Small_5,0.875,0.5,1.15,5,Dist_Large_RE_Small,Large,Small
285,60a555--REDACTED,Dist_Small_RE_Large_2,0.375,0.438,-0.163,2,Dist_Small_RE_Large,Small,Large
286,60a555--REDACTED,Dist_Large_RE_Large_10,0.984375,0.25,2.828,10,Dist_Large_RE_Large,Large,Large
287,60a555--REDACTED,Dist_Small_RE_Large_10,0.625,0.25,0.993,10,Dist_Small_RE_Large,Small,Large
288,60bfc5--REDACTED,Dist_Large_RE_Small_2,0.625,0.188,1.204,2,Dist_Large_RE_Small,Large,Small
289,60bfc5--REDACTED,Dist_Large_RE_Large_10,0.812,0.312,1.375,10,Dist_Large_RE_Large,Large,Large
290,60bfc5--REDACTED,Dist_Large_RE_Small_5,0.562,0.25,0.831,5,Dist_Large_RE_Small,Large,Small
291,60bfc5--REDACTED,Dist_Large_RE_Small_10,0.75,0.125,1.825,10,Dist_Large_RE_Small,Large,Small
292,60bfc5--REDACTED,Dist_Large_RE_Large_5,0.688,0.25,1.165,5,Dist_Large_RE_Large,Large,Large
293,60bfc5--REDACTED,Dist_Large_RE_Large_2,0.562,0.188,1.041,2,Dist_Large_RE_Large,Large,Large
294,60bfc5--REDACTED,Dist_Small_RE_Small_2,0.312,0.312,0.0,2,Dist_Small_RE_Small,Small,Small
295,60bfc5--REDACTED,Dist_Small_RE_Large_10,0.75,0.188,1.56,10,Dist_Small_RE_Large,Small,Large
296,60bfc5--REDACTED,Dist_Small_RE_Large_2,0.25,0.312,-0.184,2,Dist_Small_RE_Large,Small,Large
297,60bfc5--REDACTED,Dist_Small_RE_Small_10,0.688,0.015625,2.644,10,Dist_Small_RE_Small,Small,Small
298,60bfc5--REDACTED,Dist_Small_RE_Large_5,0.562,0.125,1.306,5,Dist_Small_RE_Large,Small,Large
299,60bfc5--REDACTED,Dist_Small_RE_Small_5,0.25,0.125,0.476,5,Dist_Small_RE_Small,Small,Small
300,60bff4--REDACTED,Dist_Large_RE_Large_2,0.812,0.312,1.375,2,Dist_Large_RE_Large,Large,Large
301,60bff4--REDACTED,Dist_Small_RE_Large_2,0.438,0.6,-0.409,2,Dist_Small_RE_Large,Small,Large
302,60bff4--REDACTED,Dist_Small_RE_Large_5,0.438,0.375,0.163,5,Dist_Small_RE_Large,Small,Large
303,60bff4--REDACTED,Dist_Small_RE_Small_5,0.188,0.375,-0.567,5,Dist_Small_RE_Small,Small,Small
304,60bff4--REDACTED,Dist_Large_RE_Large_5,0.75,0.125,1.825,5,Dist_Large_RE_Large,Large,Large
305,60bff4--REDACTED,Dist_Large_RE_Large_10,0.625,0.25,0.993,10,Dist_Large_RE_Large,Large,Large
306,60bff4--REDACTED,Dist_Small_RE_Large_10,0.688,0.125,1.641,10,Dist_Small_RE_Large,Small,Large
307,60bff4--REDACTED,Dist_Large_RE_Small_2,0.75,0.062,2.213,2,Dist_Large_RE_Small,Large,Small
308,60bff4--REDACTED,Dist_Large_RE_Small_10,0.5,0.062,1.538,10,Dist_Large_RE_Small,Large,Small
309,60bff4--REDACTED,Dist_Small_RE_Small_2,0.25,0.438,-0.518,2,Dist_Small_RE_Small,Small,Small
310,60bff4--REDACTED,Dist_Large_RE_Small_5,0.562,0.312,0.646,5,Dist_Large_RE_Small,Large,Small
311,60bff4--REDACTED,Dist_Small_RE_Small_10,0.562,0.188,1.041,10,Dist_Small_RE_Small,Small,Small
312,60c369--REDACTED,Dist_Large_RE_Large_5,0.938,0.375,1.857,5,Dist_Large_RE_Large,Large,Large
313,60c369--REDACTED,Dist_Small_RE_Small_10,0.812,0.188,1.771,10,Dist_Small_RE_Small,Small,Small
314,60c369--REDACTED,Dist_Large_RE_Small_5,0.75,0.562,0.518,5,Dist_Large_RE_Small,Large,Small
315,60c369--REDACTED,Dist_Small_RE_Small_2,0.25,0.312,-0.184,2,Dist_Small_RE_Small,Small,Small
316,60c369--REDACTED,Dist_Small_RE_Large_10,0.875,0.25,1.825,10,Dist_Small_RE_Large,Small,Large
317,60c369--REDACTED,Dist_Small_RE_Large_2,0.25,0.312,-0.184,2,Dist_Small_RE_Large,Small,Large
318,60c369--REDACTED,Dist_Small_RE_Large_5,0.812,0.188,1.771,5,Dist_Small_RE_Large,Small,Large
319,60c369--REDACTED,Dist_Large_RE_Large_10,0.938,0.188,2.423,10,Dist_Large_RE_Large,Large,Large
320,60c369--REDACTED,Dist_Large_RE_Small_10,0.984375,0.375,2.473,10,Dist_Large_RE_Small,Large,Small
321,60c369--REDACTED,Dist_Large_RE_Large_2,0.438,0.125,0.994,2,Dist_Large_RE_Large,Large,Large
322,60c369--REDACTED,Dist_Small_RE_Small_5,0.438,0.188,0.729,5,Dist_Small_RE_Small,Small,Small
323,60c369--REDACTED,Dist_Large_RE_Small_2,0.375,0.25,0.356,2,Dist_Large_RE_Small,Large,Small
324,60c917--REDACTED,Dist_Small_RE_Small_5,0.4,0.333,0.178,5,Dist_Small_RE_Small,Small,Small
325,60c917--REDACTED,Dist_Small_RE_Large_5,0.5,0.562,-0.156,5,Dist_Small_RE_Large,Small,Large
326,60c917--REDACTED,Dist_Large_RE_Large_5,0.75,0.375,0.993,5,Dist_Large_RE_Large,Large,Large
327,60c917--REDACTED,Dist_Small_RE_Small_2,0.312,0.5,-0.49,2,Dist_Small_RE_Small,Small,Small
328,60c917--REDACTED,Dist_Large_RE_Small_2,0.5,0.438,0.156,2,Dist_Large_RE_Small,Large,Small
329,60c917--REDACTED,Dist_Small_RE_Large_2,0.438,0.438,0.0,2,Dist_Small_RE_Large,Small,Large
330,60c917--REDACTED,Dist_Large_RE_Large_10,0.938,0.25,2.213,10,Dist_Large_RE_Large,Large,Large
331,60c917--REDACTED,Dist_Large_RE_Small_10,0.562,0.5,0.156,10,Dist_Large_RE_Small,Large,Small
332,60c917--REDACTED,Dist_Large_RE_Small_5,0.625,0.688,-0.172,5,Dist_Large_RE_Small,Large,Small
333,60c917--REDACTED,Dist_Small_RE_Small_10,0.438,0.312,0.334,10,Dist_Small_RE_Small,Small,Small
334,60c917--REDACTED,Dist_Small_RE_Large_10,0.625,0.562,0.163,10,Dist_Small_RE_Large,Small,Large
335,60c917--REDACTED,Dist_Large_RE_Large_2,0.375,0.25,0.356,2,Dist_Large_RE_Large,Large,Large
336,60c9b6--REDACTED,Dist_Small_RE_Large_5,0.562,0.438,0.312,5,Dist_Small_RE_Large,Small,Large
337,60c9b6--REDACTED,Dist_Small_RE_Large_10,0.812,0.125,2.036,10,Dist_Small_RE_Large,Small,Large
338,60c9b6--REDACTED,Dist_Large_RE_Large_10,0.984375,0.062,3.692,10,Dist_Large_RE_Large,Large,Large
339,60c9b6--REDACTED,Dist_Small_RE_Small_5,0.438,0.188,0.729,5,Dist_Small_RE_Small,Small,Small
340,60c9b6--REDACTED,Dist_Large_RE_Small_2,0.688,0.25,1.165,2,Dist_Large_RE_Small,Large,Small
341,60c9b6--REDACTED,Dist_Small_RE_Small_2,0.5,0.375,0.319,2,Dist_Small_RE_Small,Small,Small
342,60c9b6--REDACTED,Dist_Large_RE_Large_2,0.667,0.25,1.106,2,Dist_Large_RE_Large,Large,Large
343,60c9b6--REDACTED,Dist_Small_RE_Small_10,0.625,0.015625,2.473,10,Dist_Small_RE_Small,Small,Small
344,60c9b6--REDACTED,Dist_Large_RE_Small_10,0.688,0.25,1.165,10,Dist_Large_RE_Small,Large,Small
345,60c9b6--REDACTED,Dist_Large_RE_Small_5,0.5,0.312,0.49,5,Dist_Large_RE_Small,Large,Small
346,60c9b6--REDACTED,Dist_Large_RE_Large_5,0.812,0.125,2.036,5,Dist_Large_RE_Large,Large,Large
347,60c9b6--REDACTED,Dist_Small_RE_Large_2,0.375,0.125,0.832,2,Dist_Small_RE_Large,Small,Large
348,60c9b8--REDACTED,Dist_Large_RE_Small_2,0.688,0.375,0.809,2,Dist_Large_RE_Small,Large,Small
349,60c9b8--REDACTED,Dist_Large_RE_Small_10,0.812,0.25,1.56,10,Dist_Large_RE_Small,Large,Small
350,60c9b8--REDACTED,Dist_Small_RE_Large_10,0.812,0.125,2.036,10,Dist_Small_RE_Large,Small,Large
351,60c9b8--REDACTED,Dist_Small_RE_Large_5,0.438,0.25,0.518,5,Dist_Small_RE_Large,Small,Large
352,60c9b8--REDACTED,Dist_Small_RE_Large_2,0.375,0.125,0.832,2,Dist_Small_RE_Large,Small,Large
353,60c9b8--REDACTED,Dist_Large_RE_Large_5,0.812,0.188,1.771,5,Dist_Large_RE_Large,Large,Large
354,60c9b8--REDACTED,Dist_Large_RE_Large_2,0.733,0.25,1.296,2,Dist_Large_RE_Large,Large,Large
355,60c9b8--REDACTED,Dist_Small_RE_Small_10,0.688,0.125,1.641,10,Dist_Small_RE_Small,Small,Small
356,60c9b8--REDACTED,Dist_Large_RE_Small_5,0.75,0.188,1.56,5,Dist_Large_RE_Small,Large,Small
357,60c9b8--REDACTED,Dist_Small_RE_Small_2,0.125,0.312,-0.66,2,Dist_Small_RE_Small,Small,Small
358,60c9b8--REDACTED,Dist_Large_RE_Large_10,0.875,0.312,1.641,10,Dist_Large_RE_Large,Large,Large
359,60c9b8--REDACTED,Dist_Small_RE_Small_5,0.5,0.312,0.49,5,Dist_Small_RE_Small,Small,Small
360,60cd0e--REDACTED,Dist_Large_RE_Large_5,0.625,0.562,0.163,5,Dist_Large_RE_Large,Large,Large
361,60cd0e--REDACTED,Dist_Large_RE_Small_2,0.75,0.312,1.165,2,Dist_Large_RE_Small,Large,Small
362,60cd0e--REDACTED,Dist_Large_RE_Small_10,0.625,0.312,0.809,10,Dist_Large_RE_Small,Large,Small
363,60cd0e--REDACTED,Dist_Small_RE_Large_5,0.438,0.375,0.163,5,Dist_Small_RE_Large,Small,Large
364,60cd0e--REDACTED,Dist_Small_RE_Small_2,0.438,0.438,0.0,2,Dist_Small_RE_Small,Small,Small
365,60cd0e--REDACTED,Dist_Large_RE_Large_2,0.688,0.312,0.98,2,Dist_Large_RE_Large,Large,Large
366,60cd0e--REDACTED,Dist_Small_RE_Small_10,0.562,0.312,0.646,10,Dist_Small_RE_Small,Small,Small
367,60cd0e--REDACTED,Dist_Small_RE_Large_10,0.688,0.188,1.375,10,Dist_Small_RE_Large,Small,Large
368,60cd0e--REDACTED,Dist_Large_RE_Small_5,0.688,0.438,0.646,5,Dist_Large_RE_Small,Large,Small
369,60cd0e--REDACTED,Dist_Small_RE_Small_5,0.438,0.312,0.334,5,Dist_Small_RE_Small,Small,Small
370,60cd0e--REDACTED,Dist_Small_RE_Large_2,0.312,0.375,-0.172,2,Dist_Small_RE_Large,Small,Large
371,60cd0e--REDACTED,Dist_Large_RE_Large_10,0.812,0.188,1.771,10,Dist_Large_RE_Large,Large,Large
372,60cd56--REDACTED,Dist_Large_RE_Small_2,0.188,0.25,-0.211,2,Dist_Large_RE_Small,Large,Small
373,60cd56--REDACTED,Dist_Large_RE_Small_5,0.625,0.312,0.809,5,Dist_Large_RE_Small,Large,Small
374,60cd56--REDACTED,Dist_Large_RE_Large_10,0.938,0.125,2.689,10,Dist_Large_RE_Large,Large,Large
375,60cd56--REDACTED,Dist_Small_RE_Large_5,0.438,0.125,0.994,5,Dist_Small_RE_Large,Small,Large
376,60cd56--REDACTED,Dist_Small_RE_Large_10,0.875,0.125,2.301,10,Dist_Small_RE_Large,Small,Large
377,60cd56--REDACTED,Dist_Small_RE_Small_10,0.438,0.125,0.994,10,Dist_Small_RE_Small,Small,Small
378,60cd56--REDACTED,Dist_Small_RE_Small_5,0.562,0.015625,2.31,5,Dist_Small_RE_Small,Small,Small
379,60cd56--REDACTED,Dist_Large_RE_Small_10,0.875,0.188,2.036,10,Dist_Large_RE_Small,Large,Small
380,60cd56--REDACTED,Dist_Large_RE_Large_5,0.75,0.188,1.56,5,Dist_Large_RE_Large,Large,Large
381,60cd56--REDACTED,Dist_Small_RE_Small_2,0.188,0.062,0.653,2,Dist_Small_RE_Small,Small,Small
382,60cd56--REDACTED,Dist_Small_RE_Large_2,0.312,0.062,1.048,2,Dist_Small_RE_Large,Small,Large
383,60cd56--REDACTED,Dist_Large_RE_Large_2,0.5,0.125,1.15,2,Dist_Large_RE_Large,Large,Large
384,60cd5e--REDACTED,Dist_Small_RE_Small_2,0.688,0.625,0.172,2,Dist_Small_RE_Small,Small,Small
385,60cd5e--REDACTED,Dist_Large_RE_Large_2,0.625,0.625,0.0,2,Dist_Large_RE_Large,Large,Large
386,60cd5e--REDACTED,Dist_Large_RE_Small_5,0.75,0.562,0.518,5,Dist_Large_RE_Small,Large,Small
387,60cd5e--REDACTED,Dist_Large_RE_Large_5,0.875,0.438,1.306,5,Dist_Large_RE_Large,Large,Large
388,60cd5e--REDACTED,Dist_Small_RE_Small_10,0.5,0.125,1.15,10,Dist_Small_RE_Small,Small,Small
389,60cd5e--REDACTED,Dist_Large_RE_Small_10,0.875,0.25,1.825,10,Dist_Large_RE_Small,Large,Small
390,60cd5e--REDACTED,Dist_Small_RE_Large_2,0.688,0.5,0.49,2,Dist_Small_RE_Large,Small,Large
391,60cd5e--REDACTED,Dist_Small_RE_Large_5,0.5,0.688,-0.49,5,Dist_Small_RE_Large,Small,Large
392,60cd5e--REDACTED,Dist_Small_RE_Small_5,0.688,0.5,0.49,5,Dist_Small_RE_Small,Small,Small
393,60cd5e--REDACTED,Dist_Small_RE_Large_10,0.562,0.25,0.831,10,Dist_Small_RE_Large,Small,Large
394,60cd5e--REDACTED,Dist_Large_RE_Small_2,0.938,0.5,1.538,2,Dist_Large_RE_Small,Large,Small
395,60cd5e--REDACTED,Dist_Large_RE_Large_10,0.75,0.312,1.165,10,Dist_Large_RE_Large,Large,Large
396,60d0a4--REDACTED,Dist_Large_RE_Large_5,0.75,0.188,1.56,5,Dist_Large_RE_Large,Large,Large
397,60d0a4--REDACTED,Dist_Small_RE_Small_5,0.438,0.438,0.0,5,Dist_Small_RE_Small,Small,Small
398,60d0a4--REDACTED,Dist_Large_RE_Large_10,0.812,0.125,2.036,10,Dist_Large_RE_Large,Large,Large
399,60d0a4--REDACTED,Dist_Large_RE_Small_10,0.812,0.312,1.375,10,Dist_Large_RE_Small,Large,Small
400,60d0a4--REDACTED,Dist_Small_RE_Large_10,0.812,0.312,1.375,10,Dist_Small_RE_Large,Small,Large
401,60d0a4--REDACTED,Dist_Small_RE_Small_2,0.5,0.5,0.0,2,Dist_Small_RE_Small,Small,Small
402,60d0a4--REDACTED,Dist_Large_RE_Small_2,0.75,0.25,1.349,2,Dist_Large_RE_Small,Large,Small
403,60d0a4--REDACTED,Dist_Large_RE_Large_2,0.625,0.688,-0.172,2,Dist_Large_RE_Large,Large,Large
404,60d0a4--REDACTED,Dist_Small_RE_Small_10,0.688,0.188,1.375,10,Dist_Small_RE_Small,Small,Small
405,60d0a4--REDACTED,Dist_Large_RE_Small_5,0.688,0.312,0.98,5,Dist_Large_RE_Small,Large,Small
406,60d0a4--REDACTED,Dist_Small_RE_Large_2,0.438,0.188,0.729,2,Dist_Small_RE_Large,Small,Large
407,60d0a4--REDACTED,Dist_Small_RE_Large_5,0.188,0.188,0.0,5,Dist_Small_RE_Large,Small,Large
408,60d374--REDACTED,Dist_Small_RE_Large_10,0.812,0.312,1.375,10,Dist_Small_RE_Large,Small,Large
409,60d374--REDACTED,Dist_Large_RE_Large_2,0.562,0.188,1.041,2,Dist_Large_RE_Large,Large,Large
410,60d374--REDACTED,Dist_Small_RE_Small_2,0.25,0.375,-0.356,2,Dist_Small_RE_Small,Small,Small
411,60d374--REDACTED,Dist_Small_RE_Large_2,0.438,0.188,0.729,2,Dist_Small_RE_Large,Small,Large
412,60d374--REDACTED,Dist_Small_RE_Small_5,0.375,0.312,0.172,5,Dist_Small_RE_Small,Small,Small
413,60d374--REDACTED,Dist_Large_RE_Large_5,0.875,0.125,2.301,5,Dist_Large_RE_Large,Large,Large
414,60d374--REDACTED,Dist_Small_RE_Large_5,0.333,0.188,0.454,5,Dist_Small_RE_Large,Small,Large
415,60d374--REDACTED,Dist_Large_RE_Small_5,0.625,0.125,1.469,5,Dist_Large_RE_Small,Large,Small
416,60d374--REDACTED,Dist_Small_RE_Small_10,0.688,0.188,1.375,10,Dist_Small_RE_Small,Small,Small
417,60d374--REDACTED,Dist_Large_RE_Small_2,0.375,0.188,0.567,2,Dist_Large_RE_Small,Large,Small
418,60d374--REDACTED,Dist_Large_RE_Large_10,0.625,0.062,1.857,10,Dist_Large_RE_Large,Large,Large
419,60d374--REDACTED,Dist_Large_RE_Small_10,0.562,0.188,1.041,10,Dist_Large_RE_Small,Large,Small
420,60d450--REDACTED,Dist_Large_RE_Large_5,0.562,0.25,0.831,5,Dist_Large_RE_Large,Large,Large
421,60d450--REDACTED,Dist_Small_RE_Small_5,0.25,0.267,-0.053,5,Dist_Small_RE_Small,Small,Small
422,60d450--REDACTED,Dist_Large_RE_Large_10,0.75,0.062,2.213,10,Dist_Large_RE_Large,Large,Large
423,60d450--REDACTED,Dist_Large_RE_Small_10,0.688,0.125,1.641,10,Dist_Large_RE_Small,Large,Small
424,60d450--REDACTED,Dist_Small_RE_Large_10,0.562,0.188,1.041,10,Dist_Small_RE_Large,Small,Large
425,60d450--REDACTED,Dist_Small_RE_Small_2,0.312,0.25,0.184,2,Dist_Small_RE_Small,Small,Small
426,60d450--REDACTED,Dist_Large_RE_Small_2,0.562,0.015625,2.31,2,Dist_Large_RE_Small,Large,Small
427,60d450--REDACTED,Dist_Large_RE_Large_2,0.5,0.015625,2.154,2,Dist_Large_RE_Large,Large,Large
428,60d450--REDACTED,Dist_Small_RE_Small_10,0.562,0.062,1.694,10,Dist_Small_RE_Small,Small,Small
429,60d450--REDACTED,Dist_Large_RE_Small_5,0.667,0.188,1.317,5,Dist_Large_RE_Small,Large,Small
430,60d450--REDACTED,Dist_Small_RE_Large_2,0.25,0.062,0.864,2,Dist_Small_RE_Large,Small,Large
431,60d450--REDACTED,Dist_Small_RE_Large_5,0.6,0.25,0.928,5,Dist_Small_RE_Large,Small,Large
432,60d5de--REDACTED,Dist_Small_RE_Large_2,0.5,0.5,0.0,2,Dist_Small_RE_Large,Small,Large
433,60d5de--REDACTED,Dist_Large_RE_Small_5,0.75,0.5,0.674,5,Dist_Large_RE_Small,Large,Small
434,60d5de--REDACTED,Dist_Large_RE_Large_5,0.875,0.375,1.469,5,Dist_Large_RE_Large,Large,Large
435,60d5de--REDACTED,Dist_Large_RE_Small_10,0.875,0.125,2.301,10,Dist_Large_RE_Small,Large,Small
436,60d5de--REDACTED,Dist_Small_RE_Large_5,0.188,0.438,-0.729,5,Dist_Small_RE_Large,Small,Large
437,60d5de--REDACTED,Dist_Large_RE_Large_10,0.875,0.25,1.825,10,Dist_Large_RE_Large,Large,Large
438,60d5de--REDACTED,Dist_Small_RE_Small_10,0.438,0.125,0.994,10,Dist_Small_RE_Small,Small,Small
439,60d5de--REDACTED,Dist_Small_RE_Small_5,0.438,0.438,0.0,5,Dist_Small_RE_Small,Small,Small
440,60d5de--REDACTED,Dist_Large_RE_Small_2,0.75,0.375,0.993,2,Dist_Large_RE_Small,Large,Small
441,60d5de--REDACTED,Dist_Small_RE_Large_10,0.688,0.25,1.165,10,Dist_Small_RE_Large,Small,Large
442,60d5de--REDACTED,Dist_Small_RE_Small_2,0.25,0.25,0.0,2,Dist_Small_RE_Small,Small,Small
443,60d5de--REDACTED,Dist_Large_RE_Large_2,0.75,0.312,1.165,2,Dist_Large_RE_Large,Large,Large
444,60d740--REDACTED,Dist_Large_RE_Large_10,0.812,0.188,1.771,10,Dist_Large_RE_Large,Large,Large
445,60d740--REDACTED,Dist_Large_RE_Small_10,0.75,0.062,2.213,10,Dist_Large_RE_Small,Large,Small
446,60d740--REDACTED,Dist_Large_RE_Large_5,0.688,0.188,1.375,5,Dist_Large_RE_Large,Large,Large
447,60d740--REDACTED,Dist_Small_RE_Large_10,0.5,0.125,1.15,10,Dist_Small_RE_Large,Small,Large
448,60d740--REDACTED,Dist_Large_RE_Large_2,0.375,0.188,0.567,2,Dist_Large_RE_Large,Large,Large
449,60d740--REDACTED,Dist_Large_RE_Small_5,0.562,0.015625,2.31,5,Dist_Large_RE_Small,Large,Small
450,60d740--REDACTED,Dist_Small_RE_Large_5,0.25,0.016129032258064516,1.467,5,Dist_Small_RE_Large,Small,Large
451,60d740--REDACTED,Dist_Small_RE_Small_5,0.312,0.375,-0.172,5,Dist_Small_RE_Small,Small,Small
452,60d740--REDACTED,Dist_Small_RE_Large_2,0.312,0.188,0.395,2,Dist_Small_RE_Large,Small,Large
453,60d740--REDACTED,Dist_Small_RE_Small_10,0.312,0.062,1.048,10,Dist_Small_RE_Small,Small,Small
454,60d740--REDACTED,Dist_Large_RE_Small_2,0.562,0.312,0.646,2,Dist_Large_RE_Small,Large,Small
455,60d740--REDACTED,Dist_Small_RE_Small_2,0.25,0.125,0.476,2,Dist_Small_RE_Small,Small,Small
456,60d748--REDACTED,Dist_Small_RE_Small_2,0.625,0.438,0.475,2,Dist_Small_RE_Small,Small,Small
457,60d748--REDACTED,Dist_Small_RE_Large_2,0.5,0.562,-0.156,2,Dist_Small_RE_Large,Small,Large
458,60d748--REDACTED,Dist_Large_RE_Large_2,0.75,0.438,0.831,2,Dist_Large_RE_Large,Large,Large
459,60d748--REDACTED,Dist_Small_RE_Small_5,0.5,0.312,0.49,5,Dist_Small_RE_Small,Small,Small
460,60d748--REDACTED,Dist_Large_RE_Small_5,0.625,0.25,0.993,5,Dist_Large_RE_Small,Large,Small
461,60d748--REDACTED,Dist_Small_RE_Large_5,0.375,0.438,-0.163,5,Dist_Small_RE_Large,Small,Large
462,60d748--REDACTED,Dist_Large_RE_Large_10,0.812,0.5,0.885,10,Dist_Large_RE_Large,Large,Large
463,60d748--REDACTED,Dist_Large_RE_Small_10,0.938,0.25,2.213,10,Dist_Large_RE_Small,Large,Small
464,60d748--REDACTED,Dist_Large_RE_Small_2,0.562,0.375,0.475,2,Dist_Large_RE_Small,Large,Small
465,60d748--REDACTED,Dist_Small_RE_Small_10,0.688,0.375,0.809,10,Dist_Small_RE_Small,Small,Small
466,60d748--REDACTED,Dist_Small_RE_Large_10,0.688,0.188,1.375,10,Dist_Small_RE_Large,Small,Large
467,60d748--REDACTED,Dist_Large_RE_Large_5,0.812,0.312,1.375,5,Dist_Large_RE_Large,Large,Large
468,60d7d4--REDACTED,Dist_Large_RE_Large_10,0.875,0.125,2.301,10,Dist_Large_RE_Large,Large,Large
469,60d7d4--REDACTED,Dist_Large_RE_Small_2,0.25,0.25,0.0,2,Dist_Large_RE_Small,Large,Small
470,60d7d4--REDACTED,Dist_Small_RE_Small_5,0.25,0.062,0.864,5,Dist_Small_RE_Small,Small,Small
471,60d7d4--REDACTED,Dist_Small_RE_Large_2,0.062,0.015625,0.616,2,Dist_Small_RE_Large,Small,Large
472,60d7d4--REDACTED,Dist_Large_RE_Small_10,0.75,0.015625,2.828,10,Dist_Large_RE_Small,Large,Small
473,60d7d4--REDACTED,Dist_Large_RE_Large_5,0.375,0.062,1.22,5,Dist_Large_RE_Large,Large,Large
474,60d7d4--REDACTED,Dist_Small_RE_Large_5,0.125,0.062,0.388,5,Dist_Small_RE_Large,Small,Large
475,60d7d4--REDACTED,Dist_Large_RE_Large_2,0.438,0.015625,1.998,2,Dist_Large_RE_Large,Large,Large
476,60d7d4--REDACTED,Dist_Large_RE_Small_5,0.5,0.015625,2.154,5,Dist_Large_RE_Small,Large,Small
477,60d7d4--REDACTED,Dist_Small_RE_Large_10,0.438,0.062,1.382,10,Dist_Small_RE_Large,Small,Large
478,60d7d4--REDACTED,Dist_Small_RE_Small_2,0.015625,0.015625,0.0,2,Dist_Small_RE_Small,Small,Small
479,60d7d4--REDACTED,Dist_Small_RE_Small_10,0.25,0.015625,1.479,10,Dist_Small_RE_Small,Small,Small
480,60d920--REDACTED,Dist_Large_RE_Large_5,0.938,0.25,2.213,5,Dist_Large_RE_Large,Large,Large
481,60d920--REDACTED,Dist_Small_RE_Small_5,0.375,0.188,0.567,5,Dist_Small_RE_Small,Small,Small
482,60d920--REDACTED,Dist_Large_RE_Small_2,0.5,0.188,0.885,2,Dist_Large_RE_Small,Large,Small
483,60d920--REDACTED,Dist_Large_RE_Large_10,0.75,0.375,0.993,10,Dist_Large_RE_Large,Large,Large
484,60d920--REDACTED,Dist_Large_RE_Large_2,0.5,0.312,0.49,2,Dist_Large_RE_Large,Large,Large
485,60d920--REDACTED,Dist_Large_RE_Small_5,0.438,0.25,0.518,5,Dist_Large_RE_Small,Large,Small
486,60d920--REDACTED,Dist_Small_RE_Large_10,0.562,0.312,0.646,10,Dist_Small_RE_Large,Small,Large
487,60d920--REDACTED,Dist_Large_RE_Small_10,0.625,0.312,0.809,10,Dist_Large_RE_Small,Large,Small
488,60d920--REDACTED,Dist_Small_RE_Small_2,0.133,0.375,-0.794,2,Dist_Small_RE_Small,Small,Small
489,60d920--REDACTED,Dist_Small_RE_Large_2,0.312,0.188,0.395,2,Dist_Small_RE_Large,Small,Large
490,60d920--REDACTED,Dist_Small_RE_Large_5,0.5,0.312,0.49,5,Dist_Small_RE_Large,Small,Large
491,60d920--REDACTED,Dist_Small_RE_Small_10,0.625,0.125,1.469,10,Dist_Small_RE_Small,Small,Small
492,60da00--REDACTED,Dist_Small_RE_Small_5,0.5,0.016129032258064516,2.141,5,Dist_Small_RE_Small,Small,Small
493,60da00--REDACTED,Dist_Small_RE_Large_5,0.625,0.312,0.809,5,Dist_Small_RE_Large,Small,Large
494,60da00--REDACTED,Dist_Large_RE_Large_5,0.75,0.125,1.825,5,Dist_Large_RE_Large,Large,Large
495,60da00--REDACTED,Dist_Small_RE_Small_2,0.015625,0.125,-1.004,2,Dist_Small_RE_Small,Small,Small
496,60da00--REDACTED,Dist_Large_RE_Small_2,0.5,0.188,0.885,2,Dist_Large_RE_Small,Large,Small
497,60da00--REDACTED,Dist_Small_RE_Large_2,0.188,0.125,0.265,2,Dist_Small_RE_Large,Small,Large
498,60da00--REDACTED,Dist_Large_RE_Large_10,0.812,0.062,2.423,10,Dist_Large_RE_Large,Large,Large
499,60da00--REDACTED,Dist_Large_RE_Small_10,0.562,0.062,1.694,10,Dist_Large_RE_Small,Large,Small
500,60da00--REDACTED,Dist_Large_RE_Small_5,0.5,0.062,1.538,5,Dist_Large_RE_Small,Large,Small
501,60da00--REDACTED,Dist_Small_RE_Small_10,0.333,0.133,0.681,10,Dist_Small_RE_Small,Small,Small
502,60da00--REDACTED,Dist_Small_RE_Large_10,0.438,0.062,1.382,10,Dist_Small_RE_Large,Small,Large
503,60da00--REDACTED,Dist_Large_RE_Large_2,0.75,0.2,1.516,2,Dist_Large_RE_Large,Large,Large
504,60dae0--REDACTED,Dist_Large_RE_Large_5,0.688,0.375,0.809,5,Dist_Large_RE_Large,Large,Large
505,60dae0--REDACTED,Dist_Large_RE_Small_2,0.812,0.25,1.56,2,Dist_Large_RE_Small,Large,Small
506,60dae0--REDACTED,Dist_Large_RE_Small_10,0.562,0.188,1.041,10,Dist_Large_RE_Small,Large,Small
507,60dae0--REDACTED,Dist_Small_RE_Large_5,0.375,0.188,0.567,5,Dist_Small_RE_Large,Small,Large
508,60dae0--REDACTED,Dist_Small_RE_Small_2,0.375,0.25,0.356,2,Dist_Small_RE_Small,Small,Small
509,60dae0--REDACTED,Dist_Large_RE_Large_2,0.562,0.25,0.831,2,Dist_Large_RE_Large,Large,Large
510,60dae0--REDACTED,Dist_Small_RE_Small_10,0.5,0.125,1.15,10,Dist_Small_RE_Small,Small,Small
511,60dae0--REDACTED,Dist_Small_RE_Large_10,0.812,0.438,1.041,10,Dist_Small_RE_Large,Small,Large
512,60dae0--REDACTED,Dist_Large_RE_Small_5,0.562,0.25,0.831,5,Dist_Large_RE_Small,Large,Small
513,60dae0--REDACTED,Dist_Small_RE_Small_5,0.25,0.188,0.211,5,Dist_Small_RE_Small,Small,Small
514,60dae0--REDACTED,Dist_Small_RE_Large_2,0.438,0.188,0.729,2,Dist_Small_RE_Large,Small,Large
515,60dae0--REDACTED,Dist_Large_RE_Large_10,0.938,0.312,2.028,10,Dist_Large_RE_Large,Large,Large
516,60daeb--REDACTED,Dist_Small_RE_Small_2,0.5,0.25,0.674,2,Dist_Small_RE_Small,Small,Small
517,60daeb--REDACTED,Dist_Small_RE_Large_2,0.312,0.562,-0.646,2,Dist_Small_RE_Large,Small,Large
518,60daeb--REDACTED,Dist_Large_RE_Large_2,0.688,0.375,0.809,2,Dist_Large_RE_Large,Large,Large
519,60daeb--REDACTED,Dist_Small_RE_Small_5,0.25,0.625,-0.993,5,Dist_Small_RE_Small,Small,Small
520,60daeb--REDACTED,Dist_Large_RE_Small_5,0.625,0.312,0.809,5,Dist_Large_RE_Small,Large,Small
521,60daeb--REDACTED,Dist_Small_RE_Large_5,0.375,0.5,-0.319,5,Dist_Small_RE_Large,Small,Large
522,60daeb--REDACTED,Dist_Large_RE_Large_10,0.6,0.133,1.366,10,Dist_Large_RE_Large,Large,Large
523,60daeb--REDACTED,Dist_Large_RE_Small_10,0.625,0.312,0.809,10,Dist_Large_RE_Small,Large,Small
524,60daeb--REDACTED,Dist_Large_RE_Small_2,0.812,0.125,2.036,2,Dist_Large_RE_Small,Large,Small
525,60daeb--REDACTED,Dist_Small_RE_Small_10,0.5,0.533,-0.083,10,Dist_Small_RE_Small,Small,Small
526,60daeb--REDACTED,Dist_Small_RE_Large_10,0.6,0.125,1.404,10,Dist_Small_RE_Large,Small,Large
527,60daeb--REDACTED,Dist_Large_RE_Large_5,0.5,0.188,0.885,5,Dist_Large_RE_Large,Large,Large
528,60db9a--REDACTED,Dist_Large_RE_Small_2,0.438,0.125,0.994,2,Dist_Large_RE_Small,Large,Small
529,60db9a--REDACTED,Dist_Small_RE_Large_2,0.438,0.062,1.382,2,Dist_Small_RE_Large,Small,Large
530,60db9a--REDACTED,Dist_Large_RE_Large_10,0.938,0.188,2.423,10,Dist_Large_RE_Large,Large,Large
531,60db9a--REDACTED,Dist_Small_RE_Large_10,0.75,0.125,1.825,10,Dist_Small_RE_Large,Small,Large
532,60db9a--REDACTED,Dist_Large_RE_Large_5,0.688,0.062,2.028,5,Dist_Large_RE_Large,Large,Large
533,60db9a--REDACTED,Dist_Small_RE_Small_5,0.125,0.015625,1.004,5,Dist_Small_RE_Small,Small,Small
534,60db9a--REDACTED,Dist_Large_RE_Large_2,0.5,0.015625,2.154,2,Dist_Large_RE_Large,Large,Large
535,60db9a--REDACTED,Dist_Large_RE_Small_10,0.938,0.125,2.689,10,Dist_Large_RE_Small,Large,Small
536,60db9a--REDACTED,Dist_Large_RE_Small_5,0.688,0.015625,2.644,5,Dist_Large_RE_Small,Large,Small
537,60db9a--REDACTED,Dist_Small_RE_Large_5,0.438,0.062,1.382,5,Dist_Small_RE_Large,Small,Large
538,60db9a--REDACTED,Dist_Small_RE_Small_2,0.25,0.015625,1.479,2,Dist_Small_RE_Small,Small,Small
539,60db9a--REDACTED,Dist_Small_RE_Small_10,0.5,0.067,1.499,10,Dist_Small_RE_Small,Small,Small
